account_id,customer_id,branch_id,account_type,account_number,balance,currency,opened_date,status
ACC00000001,CUST000164,BR009,credit,****1674,-8135.28,USD,2024-12-09,active
ACC00000002,CUST000011,BR035,credit,****4739,-8040.7,USD,2021-04-03,active
ACC00000003,CUST000233,BR024,savings,****4753,54552.51,USD,2025-04-10,closed
ACC00000004,CUST000483,BR044,loan,****7564,-202208.71,USD,2024-07-29,active
ACC00000005,CUST000360,BR030,savings,****5333,57480.02,EUR,2019-10-24,active
ACC00000006,CUST000497,BR011,loan,****8136,-462605.79,USD,2019-08-15,active
ACC00000007,CUST000140,BR035,credit,****1395,-9288.72,USD,2021-10-11,active
ACC00000008,CUST000173,BR016,credit,****8037,-529.29,USD,2021-07-18,active
ACC00000009,CUST000084,BR027,checking,****9568,35067.28,EUR,2022-01-11,active
ACC00000010,CUST000412,BR009,loan,****7226,-46642.11,GBP,2023-10-20,active
ACC00000011,CUST000146,BR034,checking,****9794,31357.17,EUR,2020-08-05,active
ACC00000012,CUST000078,BR048,loan,****2606,-315281.36,USD,2020-12-29,active
ACC00000013,CUST000291,BR002,savings,****7849,188943.75,USD,2024-02-29,dormant
ACC00000014,CUST000134,BR019,checking,****8798,39343.27,USD,2025-07-29,active
ACC00000015,CUST000024,BR003,credit,****6231,-4006.46,USD,2019-01-26,active
ACC00000016,CUST000246,BR007,loan,****2845,-467810.09,EUR,2018-11-04,active
ACC00000017,CUST000333,BR031,checking,****5944,42151.88,USD,2023-02-12,active
ACC00000018,CUST000152,BR017,checking,****1363,27152.51,USD,2025-04-09,active
ACC00000019,CUST000362,BR012,credit,****8911,-268.5,USD,2019-03-21,closed
ACC00000020,CUST000230,BR001,checking,****2552,46626.31,USD,2019-01-11,active
ACC00000021,CUST000082,BR041,checking,****2421,7296.82,EUR,2022-05-31,active
ACC00000022,CUST000269,BR002,loan,****3987,-344562.62,USD,2023-08-07,active
ACC00000023,CUST000456,BR019,savings,****3200,94519.2,USD,2020-05-24,active
ACC00000024,CUST000216,BR009,checking,****2644,34491.66,USD,2018-03-01,active
ACC00000025,CUST000479,BR036,savings,****6938,60267.88,EUR,2019-08-02,active
ACC00000026,CUST000436,BR049,checking,****1096,29445.24,USD,2025-01-02,active
ACC00000027,CUST000125,BR013,savings,****4302,47601.02,EUR,2023-01-30,active
ACC00000028,CUST000267,BR012,savings,****3702,37570.42,USD,2019-03-26,active
ACC00000029,CUST000110,BR008,checking,****5377,6473.2,USD,2023-11-27,active
ACC00000030,CUST000102,BR007,checking,****7116,25037.81,USD,2024-06-10,active
ACC00000031,CUST000132,BR036,savings,****2993,27675.16,USD,2025-11-24,active
ACC00000032,CUST000001,BR014,savings,****8713,150693.83,USD,2018-06-08,active
ACC00000033,CUST000488,BR041,savings,****9659,122354.43,USD,2020-12-20,active
ACC00000034,CUST000119,BR023,loan,****7219,-464110.96,USD,2018-05-20,active
ACC00000035,CUST000309,BR016,checking,****5986,40875.43,USD,2024-01-02,dormant
ACC00000036,CUST000166,BR035,checking,****1997,898.39,USD,2024-03-01,active
ACC00000037,CUST000290,BR021,loan,****6352,-53189.05,USD,2024-04-24,active
ACC00000038,CUST000455,BR040,loan,****7860,-365048.07,EUR,2024-01-02,active
ACC00000039,CUST000357,BR048,credit,****4709,-5368.8,USD,2024-03-30,active
ACC00000040,CUST000313,BR037,loan,****8992,-45265.22,EUR,2021-02-18,active
ACC00000041,CUST000375,BR005,checking,****4413,26898.21,USD,2021-10-09,active
ACC00000042,CUST000401,BR010,savings,****5679,137455.77,USD,2024-06-17,active
ACC00000043,CUST000051,BR007,credit,****5937,-6629.27,USD,2019-02-03,active
ACC00000044,CUST000284,BR037,credit,****5441,-1723.27,USD,2021-11-18,active
ACC00000045,CUST000082,BR041,checking,****9320,41914.07,USD,2025-05-07,active
ACC00000046,CUST000103,BR008,credit,****6006,-6618.05,USD,2019-08-18,active
ACC00000047,CUST000345,BR016,credit,****7449,-7905.41,USD,2020-03-01,active
ACC00000048,CUST000057,BR049,checking,****9975,25916.32,USD,2024-12-15,active
ACC00000049,CUST000477,BR020,checking,****4281,18747.89,EUR,2019-02-11,active
ACC00000050,CUST000155,BR047,savings,****4004,52960.67,USD,2020-07-19,active
ACC00000051,CUST000488,BR007,checking,****8098,30651.72,GBP,2019-12-08,active
ACC00000052,CUST000058,BR036,savings,****1465,98859.4,USD,2018-12-16,active
ACC00000053,CUST000397,BR011,savings,****5514,88318.46,USD,2024-06-12,active
ACC00000054,CUST000133,BR045,savings,****7286,193748.86,GBP,2025-04-02,active
ACC00000055,CUST000245,BR041,checking,****3345,41469.09,USD,2018-11-12,active
ACC00000056,CUST000161,BR040,checking,****7172,29034.18,USD,2020-07-06,dormant
ACC00000057,CUST000319,BR015,credit,****6198,-6144.04,USD,2020-01-23,active
ACC00000058,CUST000458,BR045,credit,****7857,-8917.36,USD,2019-12-10,active
ACC00000059,CUST000120,BR032,savings,****9080,62519.46,USD,2025-01-09,active
ACC00000060,CUST000205,BR015,loan,****8027,-347453.46,USD,2019-01-27,active
ACC00000061,CUST000369,BR001,checking,****2188,21599.47,USD,2021-04-29,active
ACC00000062,CUST000052,BR034,credit,****8136,-8667.54,EUR,2019-10-18,active
ACC00000063,CUST000345,BR025,loan,****2472,-436285.91,USD,2023-07-12,active
ACC00000064,CUST000369,BR038,savings,****6346,126687.42,USD,2023-03-20,active
ACC00000065,CUST000068,BR007,checking,****3248,7712.93,USD,2021-07-09,active
ACC00000066,CUST000066,BR039,loan,****6182,-87044.95,USD,2020-02-29,active
ACC00000067,CUST000259,BR045,credit,****9648,-8866.97,USD,2022-04-11,active
ACC00000068,CUST000182,BR023,loan,****7273,-409555.4,USD,2022-11-26,active
ACC00000069,CUST000207,BR002,savings,****2528,183270.9,USD,2018-12-03,closed
ACC00000070,CUST000335,BR028,loan,****2507,-344761.28,GBP,2018-11-17,active
ACC00000071,CUST000454,BR016,credit,****5928,-4922.26,USD,2019-11-14,active
ACC00000072,CUST000346,BR001,loan,****5299,-445283.04,USD,2021-11-21,active
ACC00000073,CUST000471,BR032,loan,****5226,-276520.11,USD,2022-04-15,active
ACC00000074,CUST000232,BR015,credit,****2762,-1097.19,USD,2019-05-12,active
ACC00000075,CUST000395,BR030,loan,****9178,-440768.7,USD,2021-04-01,active
ACC00000076,CUST000097,BR037,credit,****1202,-8171.75,USD,2019-05-10,active
ACC00000077,CUST000131,BR029,checking,****2318,3103.08,USD,2021-05-14,active
ACC00000078,CUST000300,BR010,loan,****7992,-423019.89,GBP,2025-07-25,active
ACC00000079,CUST000202,BR048,loan,****5983,-254649.25,USD,2021-06-05,active
ACC00000080,CUST000412,BR037,loan,****5613,-278054.26,USD,2021-01-01,closed
ACC00000081,CUST000465,BR005,loan,****1587,-32254.4,USD,2020-12-30,active
ACC00000082,CUST000011,BR003,loan,****5607,-383338.16,USD,2022-09-24,active
ACC00000083,CUST000399,BR013,credit,****2818,-5432.43,USD,2018-10-08,active
ACC00000084,CUST000274,BR015,checking,****4812,13972.34,USD,2022-01-21,active
ACC00000085,CUST000344,BR001,savings,****6427,10818.45,USD,2021-08-05,active
ACC00000086,CUST000105,BR007,savings,****9742,4260.36,USD,2025-06-22,active
ACC00000087,CUST000230,BR036,savings,****3548,152773.64,EUR,2021-09-06,active
ACC00000088,CUST000384,BR027,loan,****9661,-175285.64,USD,2018-04-23,active
ACC00000089,CUST000225,BR046,checking,****8873,20855.81,USD,2020-05-11,active
ACC00000090,CUST000460,BR016,loan,****9795,-67761.44,USD,2023-05-07,active
ACC00000091,CUST000373,BR007,loan,****8271,-305834.07,USD,2025-02-18,active
ACC00000092,CUST000133,BR015,loan,****9737,-309312.42,USD,2022-12-22,active
ACC00000093,CUST000221,BR029,loan,****7840,-299687.54,USD,2024-06-06,active
ACC00000094,CUST000226,BR006,checking,****5282,45032.9,USD,2020-07-21,active
ACC00000095,CUST000364,BR039,checking,****7876,483.46,USD,2019-03-13,active
ACC00000096,CUST000126,BR025,checking,****2654,24055.68,USD,2021-03-01,active
ACC00000097,CUST000387,BR003,credit,****7730,-4232.49,USD,2023-06-16,active
ACC00000098,CUST000308,BR016,loan,****1669,-167542.79,USD,2019-05-11,active
ACC00000099,CUST000322,BR045,loan,****1631,-179425.46,USD,2018-12-23,active
ACC00000100,CUST000372,BR037,checking,****3603,42596.0,USD,2022-09-11,active
ACC00000101,CUST000232,BR019,credit,****1000,-3354.47,USD,2018-01-27,active
ACC00000102,CUST000008,BR046,loan,****5492,-299742.65,USD,2020-07-11,active
ACC00000103,CUST000410,BR011,savings,****6023,148411.88,USD,2025-09-19,active
ACC00000104,CUST000031,BR004,loan,****2255,-356466.52,USD,2022-04-06,active
ACC00000105,CUST000360,BR046,loan,****4049,-269277.77,EUR,2019-03-23,active
ACC00000106,CUST000266,BR030,checking,****4525,26325.82,USD,2023-09-01,active
ACC00000107,CUST000437,BR011,credit,****8801,-2225.6,USD,2018-12-14,active
ACC00000108,CUST000161,BR026,savings,****4949,145110.44,USD,2023-01-14,active
ACC00000109,CUST000355,BR045,savings,****7159,123489.86,USD,2021-11-18,active
ACC00000110,CUST000420,BR047,loan,****7161,-347366.73,USD,2021-04-19,active
ACC00000111,CUST000271,BR035,credit,****3152,-2975.65,USD,2019-03-03,active
ACC00000112,CUST000222,BR037,credit,****8373,-5830.92,USD,2025-08-24,active
ACC00000113,CUST000092,BR004,credit,****8706,-6572.46,USD,2023-03-05,active
ACC00000114,CUST000323,BR007,checking,****2102,24987.08,EUR,2020-08-21,active
ACC00000115,CUST000012,BR004,loan,****5907,-496052.71,USD,2018-08-29,active
ACC00000116,CUST000341,BR016,loan,****7715,-289908.22,USD,2023-01-18,active
ACC00000117,CUST000177,BR020,loan,****9677,-71673.6,EUR,2024-01-06,active
ACC00000118,CUST000308,BR028,credit,****4291,-6547.39,USD,2019-05-28,active
ACC00000119,CUST000369,BR005,savings,****1872,9576.62,USD,2024-02-01,active
ACC00000120,CUST000151,BR049,checking,****6546,49497.4,USD,2025-01-07,active
ACC00000121,CUST000179,BR015,checking,****4987,47030.19,USD,2021-10-22,closed
ACC00000122,CUST000064,BR001,savings,****3447,143955.09,USD,2024-08-28,active
ACC00000123,CUST000284,BR040,loan,****1274,-351614.21,USD,2020-05-08,active
ACC00000124,CUST000443,BR050,loan,****9201,-497080.84,USD,2023-09-06,active
ACC00000125,CUST000072,BR021,savings,****5156,72643.86,EUR,2025-06-25,active
ACC00000126,CUST000065,BR008,loan,****2155,-302356.46,USD,2022-06-07,active
ACC00000127,CUST000379,BR010,loan,****4763,-435667.58,USD,2024-10-16,active
ACC00000128,CUST000323,BR033,loan,****4297,-388736.61,USD,2018-03-27,active
ACC00000129,CUST000358,BR012,credit,****1883,-3162.38,USD,2023-05-05,active
ACC00000130,CUST000252,BR050,savings,****6969,86824.61,USD,2025-05-11,active
ACC00000131,CUST000042,BR020,checking,****1716,39878.64,USD,2022-03-28,active
ACC00000132,CUST000041,BR017,loan,****1061,-89905.3,USD,2020-01-17,active
ACC00000133,CUST000226,BR016,savings,****6525,106865.02,EUR,2025-03-06,active
ACC00000134,CUST000496,BR045,checking,****7814,41541.67,USD,2019-08-23,active
ACC00000135,CUST000093,BR049,loan,****7491,-83468.2,USD,2022-09-12,active
ACC00000136,CUST000285,BR005,loan,****5846,-499493.2,USD,2020-06-11,dormant
ACC00000137,CUST000367,BR005,loan,****4889,-473936.47,USD,2018-12-01,active
ACC00000138,CUST000437,BR039,loan,****1876,-139257.32,USD,2023-07-15,active
ACC00000139,CUST000407,BR045,savings,****8858,170792.53,USD,2025-12-13,dormant
ACC00000140,CUST000058,BR018,savings,****3488,8181.01,USD,2023-10-07,active
ACC00000141,CUST000464,BR015,loan,****2487,-490960.54,USD,2019-12-15,active
ACC00000142,CUST000492,BR044,checking,****6720,14567.75,EUR,2022-01-31,active
ACC00000143,CUST000227,BR022,checking,****9341,22186.49,EUR,2020-09-16,active
ACC00000144,CUST000446,BR021,savings,****3389,24459.21,EUR,2023-04-29,active
ACC00000145,CUST000132,BR037,checking,****4613,14799.98,USD,2021-02-22,active
ACC00000146,CUST000209,BR027,checking,****5785,8037.12,USD,2021-11-18,active
ACC00000147,CUST000055,BR007,credit,****1050,-7023.92,USD,2023-12-06,closed
ACC00000148,CUST000019,BR014,loan,****1973,-476414.27,USD,2021-09-30,active
ACC00000149,CUST000210,BR021,loan,****5980,-333806.46,EUR,2024-05-28,dormant
ACC00000150,CUST000389,BR035,savings,****2840,99558.16,USD,2018-11-08,active
ACC00000151,CUST000114,BR001,loan,****2514,-208473.85,USD,2025-12-02,active
ACC00000152,CUST000140,BR039,loan,****7079,-14619.01,USD,2022-09-15,active
ACC00000153,CUST000175,BR040,loan,****6896,-456468.22,USD,2019-02-12,active
ACC00000154,CUST000478,BR048,credit,****2808,-8019.99,USD,2022-01-01,active
ACC00000155,CUST000481,BR048,loan,****3341,-305882.42,USD,2022-10-31,active
ACC00000156,CUST000447,BR004,checking,****2005,24132.1,USD,2018-02-12,active
ACC00000157,CUST000277,BR002,savings,****8682,156257.6,USD,2021-01-17,active
ACC00000158,CUST000158,BR021,savings,****4025,76917.07,USD,2023-10-22,active
ACC00000159,CUST000001,BR016,loan,****2946,-74230.99,EUR,2023-01-17,active
ACC00000160,CUST000340,BR050,loan,****8805,-15678.01,USD,2020-09-12,active
ACC00000161,CUST000203,BR031,credit,****2362,-1371.54,USD,2018-11-02,dormant
ACC00000162,CUST000482,BR042,loan,****2819,-18302.21,USD,2025-02-25,active
ACC00000163,CUST000397,BR009,checking,****1207,11274.94,USD,2024-08-26,active
ACC00000164,CUST000124,BR048,checking,****9631,8562.79,USD,2021-07-11,active
ACC00000165,CUST000205,BR039,loan,****3396,-340500.72,USD,2020-09-09,active
ACC00000166,CUST000029,BR011,credit,****6343,-5476.75,EUR,2018-12-09,active
ACC00000167,CUST000436,BR003,savings,****8104,8028.6,USD,2020-05-16,active
ACC00000168,CUST000367,BR011,credit,****1106,-828.13,USD,2024-10-16,active
ACC00000169,CUST000290,BR019,savings,****7232,11204.25,EUR,2023-02-10,active
ACC00000170,CUST000442,BR010,checking,****8514,14466.44,USD,2023-08-12,active
ACC00000171,CUST000357,BR003,loan,****2504,-471165.56,USD,2020-12-29,active
ACC00000172,CUST000085,BR042,savings,****8426,57621.04,USD,2022-07-03,active
ACC00000173,CUST000315,BR012,loan,****9437,-249311.04,USD,2022-12-06,active
ACC00000174,CUST000144,BR035,loan,****1058,-253677.48,USD,2018-07-05,active
ACC00000175,CUST000361,BR003,loan,****5705,-430966.02,USD,2024-01-17,active
ACC00000176,CUST000459,BR039,loan,****1100,-79763.37,EUR,2022-08-23,active
ACC00000177,CUST000057,BR016,checking,****6060,6718.04,GBP,2018-03-28,active
ACC00000178,CUST000115,BR028,checking,****3609,31766.52,USD,2023-05-14,active
ACC00000179,CUST000453,BR004,credit,****4463,-2536.55,EUR,2025-10-16,active
ACC00000180,CUST000409,BR040,loan,****3768,-272203.45,USD,2020-10-30,active
ACC00000181,CUST000119,BR014,savings,****6603,64038.68,EUR,2018-11-21,active
ACC00000182,CUST000144,BR032,savings,****4425,68901.33,USD,2019-06-12,active
ACC00000183,CUST000222,BR013,loan,****3475,-349086.18,USD,2023-11-18,active
ACC00000184,CUST000241,BR003,savings,****1590,91266.79,GBP,2019-05-24,active
ACC00000185,CUST000230,BR028,checking,****7650,47460.27,USD,2023-07-28,active
ACC00000186,CUST000327,BR031,loan,****5404,-456714.74,USD,2020-05-04,active
ACC00000187,CUST000177,BR043,credit,****4553,-1043.31,USD,2025-07-19,active
ACC00000188,CUST000031,BR049,credit,****9433,-9814.41,USD,2021-09-21,active
ACC00000189,CUST000115,BR047,checking,****1916,36107.84,EUR,2022-11-13,active
ACC00000190,CUST000066,BR039,credit,****1252,-364.0,USD,2025-08-24,active
ACC00000191,CUST000483,BR020,loan,****4567,-45779.49,EUR,2024-10-05,active
ACC00000192,CUST000056,BR022,checking,****8510,4641.87,USD,2018-04-22,active
ACC00000193,CUST000200,BR049,credit,****8416,-8036.68,USD,2020-05-20,active
ACC00000194,CUST000264,BR035,loan,****1886,-94998.95,EUR,2020-04-01,active
ACC00000195,CUST000017,BR005,checking,****4159,41025.03,USD,2024-10-30,active
ACC00000196,CUST000335,BR007,checking,****7309,40207.91,EUR,2023-11-15,active
ACC00000197,CUST000217,BR004,checking,****2236,28717.41,USD,2021-08-11,active
ACC00000198,CUST000387,BR050,checking,****7584,45453.7,USD,2018-08-17,active
ACC00000199,CUST000400,BR024,savings,****5766,29608.43,USD,2024-04-19,active
ACC00000200,CUST000456,BR001,checking,****7339,26117.44,USD,2024-08-24,active
ACC00000201,CUST000277,BR029,savings,****6101,34137.98,USD,2024-12-16,active
ACC00000202,CUST000176,BR027,credit,****7391,-6333.95,USD,2019-06-17,active
ACC00000203,CUST000387,BR041,credit,****2549,-9014.27,USD,2018-04-21,active
ACC00000204,CUST000373,BR046,checking,****7584,24373.86,USD,2024-06-29,active
ACC00000205,CUST000267,BR009,checking,****7188,40573.48,USD,2020-03-14,active
ACC00000206,CUST000448,BR003,checking,****9767,39838.71,USD,2024-12-06,active
ACC00000207,CUST000053,BR010,savings,****7608,4866.27,USD,2025-09-09,active
ACC00000208,CUST000458,BR010,savings,****1288,87255.56,USD,2019-07-01,active
ACC00000209,CUST000322,BR025,loan,****3147,-249576.6,USD,2021-08-15,active
ACC00000210,CUST000479,BR004,savings,****2623,116620.18,USD,2020-07-24,active
ACC00000211,CUST000208,BR007,savings,****3487,146608.63,EUR,2023-09-05,active
ACC00000212,CUST000339,BR016,loan,****8898,-249095.5,USD,2022-04-12,dormant
ACC00000213,CUST000078,BR020,credit,****1705,-7822.22,EUR,2023-01-10,dormant
ACC00000214,CUST000456,BR022,savings,****9503,104633.89,USD,2024-09-14,active
ACC00000215,CUST000445,BR009,checking,****4571,10791.22,USD,2025-06-17,active
ACC00000216,CUST000434,BR042,credit,****1350,-6138.7,EUR,2019-10-19,active
ACC00000217,CUST000354,BR003,loan,****7875,-41291.78,EUR,2020-12-03,active
ACC00000218,CUST000421,BR029,loan,****3743,-60773.54,USD,2025-07-08,dormant
ACC00000219,CUST000102,BR048,loan,****1221,-292766.7,USD,2023-10-27,dormant
ACC00000220,CUST000282,BR025,loan,****1303,-281023.29,USD,2025-07-13,active
ACC00000221,CUST000212,BR049,loan,****4970,-449247.07,EUR,2023-08-15,active
ACC00000222,CUST000080,BR011,savings,****9179,77250.02,EUR,2021-10-20,active
ACC00000223,CUST000127,BR028,savings,****3720,127642.04,USD,2018-11-06,active
ACC00000224,CUST000286,BR027,savings,****5948,13215.86,GBP,2022-08-24,active
ACC00000225,CUST000063,BR030,checking,****4563,38055.31,EUR,2021-05-10,active
ACC00000226,CUST000274,BR015,savings,****7401,190365.65,USD,2023-03-04,active
ACC00000227,CUST000055,BR043,savings,****6688,163003.72,USD,2025-01-11,active
ACC00000228,CUST000486,BR035,checking,****5456,18795.72,USD,2025-07-04,active
ACC00000229,CUST000332,BR050,savings,****3001,150482.61,USD,2025-12-06,active
ACC00000230,CUST000435,BR035,credit,****6390,-905.46,USD,2022-01-31,active
ACC00000231,CUST000415,BR019,loan,****5356,-183240.51,USD,2022-04-01,active
ACC00000232,CUST000345,BR039,checking,****9419,38059.69,USD,2023-10-03,active
ACC00000233,CUST000134,BR006,checking,****3684,31932.33,EUR,2024-03-15,dormant
ACC00000234,CUST000474,BR023,checking,****9512,401.8,USD,2024-03-14,active
ACC00000235,CUST000264,BR011,savings,****6421,154700.55,USD,2018-06-17,dormant
ACC00000236,CUST000447,BR031,checking,****6804,11594.36,USD,2022-06-14,dormant
ACC00000237,CUST000039,BR040,loan,****9922,-461561.89,USD,2019-09-24,active
ACC00000238,CUST000397,BR047,checking,****2170,10938.51,USD,2025-03-03,active
ACC00000239,CUST000442,BR048,savings,****2752,88863.01,USD,2021-02-09,active
ACC00000240,CUST000006,BR023,loan,****4498,-184820.5,USD,2019-09-04,active
ACC00000241,CUST000364,BR012,savings,****9668,66541.05,GBP,2025-03-27,active
ACC00000242,CUST000322,BR013,loan,****4537,-229746.76,USD,2021-04-05,dormant
ACC00000243,CUST000163,BR017,credit,****5025,-7260.68,USD,2022-08-07,active
ACC00000244,CUST000408,BR036,checking,****2319,10752.86,USD,2024-04-19,active
ACC00000245,CUST000020,BR035,credit,****7555,-3993.73,USD,2021-02-11,active
ACC00000246,CUST000435,BR017,loan,****9252,-499364.81,USD,2019-07-14,active
ACC00000247,CUST000115,BR049,savings,****6595,10986.06,GBP,2018-11-12,active
ACC00000248,CUST000172,BR007,loan,****6196,-268110.58,EUR,2020-02-16,active
ACC00000249,CUST000012,BR009,loan,****9745,-132915.13,USD,2019-10-18,active
ACC00000250,CUST000115,BR029,loan,****5187,-18957.04,USD,2020-01-31,active
ACC00000251,CUST000293,BR002,savings,****3218,195759.78,USD,2021-04-28,active
ACC00000252,CUST000227,BR002,loan,****9398,-228654.12,USD,2022-01-17,active
ACC00000253,CUST000385,BR031,savings,****6805,176412.3,USD,2021-09-11,active
ACC00000254,CUST000299,BR049,loan,****8823,-244256.09,USD,2021-10-08,active
ACC00000255,CUST000360,BR014,savings,****8370,43893.73,USD,2020-04-19,active
ACC00000256,CUST000167,BR035,savings,****4846,121357.3,USD,2018-05-24,active
ACC00000257,CUST000390,BR036,credit,****2207,-7700.83,USD,2022-09-08,closed
ACC00000258,CUST000322,BR011,credit,****1185,-2933.21,USD,2019-07-20,active
ACC00000259,CUST000479,BR047,checking,****2538,8933.21,USD,2025-04-07,active
ACC00000260,CUST000338,BR035,credit,****1096,-6867.7,USD,2019-06-19,active
ACC00000261,CUST000340,BR024,loan,****3271,-259603.64,USD,2020-05-07,dormant
ACC00000262,CUST000332,BR033,checking,****7462,8492.44,USD,2024-01-06,active
ACC00000263,CUST000136,BR042,savings,****3440,130157.78,USD,2025-10-25,active
ACC00000264,CUST000024,BR048,savings,****2803,148720.48,USD,2025-09-26,active
ACC00000265,CUST000446,BR046,checking,****1701,5438.9,USD,2024-01-14,active
ACC00000266,CUST000287,BR015,checking,****3399,36460.37,USD,2020-04-06,active
ACC00000267,CUST000459,BR048,savings,****8009,55354.09,USD,2022-12-07,active
ACC00000268,CUST000447,BR044,loan,****1659,-76477.0,USD,2022-04-01,active
ACC00000269,CUST000386,BR019,savings,****9519,67601.71,EUR,2025-05-14,active
ACC00000270,CUST000073,BR014,savings,****1702,34742.61,USD,2019-03-05,active
ACC00000271,CUST000416,BR033,savings,****9294,139055.15,USD,2020-03-11,active
ACC00000272,CUST000346,BR007,credit,****4707,-3799.3,USD,2025-04-24,active
ACC00000273,CUST000222,BR018,loan,****2914,-57311.67,EUR,2019-04-13,active
ACC00000274,CUST000034,BR012,credit,****2321,-9197.61,EUR,2019-11-06,active
ACC00000275,CUST000444,BR013,credit,****1042,-264.53,USD,2023-07-26,active
ACC00000276,CUST000100,BR045,checking,****4561,20850.2,EUR,2024-05-06,active
ACC00000277,CUST000413,BR025,loan,****7013,-61383.88,USD,2022-04-24,active
ACC00000278,CUST000250,BR047,savings,****2707,182790.87,USD,2022-12-02,active
ACC00000279,CUST000046,BR008,credit,****5341,-5172.02,EUR,2021-09-04,active
ACC00000280,CUST000206,BR002,loan,****9636,-336976.55,USD,2020-12-06,active
ACC00000281,CUST000085,BR008,checking,****4998,32574.18,USD,2020-09-26,active
ACC00000282,CUST000420,BR025,loan,****3031,-326367.47,USD,2021-04-18,active
ACC00000283,CUST000434,BR001,credit,****5075,-2468.59,USD,2020-08-12,active
ACC00000284,CUST000149,BR018,checking,****5658,42336.44,USD,2025-11-20,active
ACC00000285,CUST000481,BR016,checking,****4231,31779.27,USD,2023-01-27,dormant
ACC00000286,CUST000085,BR049,loan,****9185,-170963.34,USD,2020-06-01,active
ACC00000287,CUST000264,BR003,loan,****4728,-145414.69,USD,2024-08-19,active
ACC00000288,CUST000461,BR024,savings,****5033,140219.58,EUR,2020-09-27,active
ACC00000289,CUST000233,BR047,credit,****9337,-1095.39,USD,2022-03-26,active
ACC00000290,CUST000250,BR019,credit,****7076,-7492.91,USD,2021-04-13,active
ACC00000291,CUST000386,BR047,credit,****1305,-2342.9,EUR,2022-10-31,active
ACC00000292,CUST000188,BR016,checking,****3921,49328.06,USD,2021-01-18,active
ACC00000293,CUST000308,BR039,checking,****6517,22058.12,EUR,2025-10-23,active
ACC00000294,CUST000117,BR032,loan,****6741,-270701.7,USD,2022-04-11,active
ACC00000295,CUST000063,BR033,checking,****4281,26394.89,USD,2018-12-07,active
ACC00000296,CUST000258,BR027,credit,****2952,-8619.28,USD,2018-10-03,active
ACC00000297,CUST000329,BR032,loan,****3357,-368924.38,USD,2021-07-28,active
ACC00000298,CUST000401,BR043,loan,****9925,-354620.92,EUR,2021-05-20,active
ACC00000299,CUST000268,BR012,savings,****5385,5648.95,EUR,2020-03-25,active
ACC00000300,CUST000324,BR019,loan,****6551,-128969.91,USD,2018-02-02,dormant
ACC00000301,CUST000324,BR001,savings,****9121,183886.81,USD,2025-08-26,active
ACC00000302,CUST000009,BR044,savings,****8395,93900.91,USD,2024-02-12,active
ACC00000303,CUST000329,BR011,loan,****8289,-163021.41,EUR,2023-11-26,active
ACC00000304,CUST000397,BR015,loan,****5367,-19034.78,USD,2023-04-10,active
ACC00000305,CUST000014,BR007,savings,****3143,73367.13,EUR,2025-05-31,active
ACC00000306,CUST000123,BR045,savings,****3284,5308.63,USD,2018-08-25,active
ACC00000307,CUST000303,BR023,credit,****8872,-5726.28,GBP,2020-03-07,active
ACC00000308,CUST000034,BR002,loan,****2802,-367746.57,USD,2024-08-10,active
ACC00000309,CUST000016,BR028,checking,****8919,4172.9,USD,2021-02-25,active
ACC00000310,CUST000497,BR030,credit,****1874,-5035.6,USD,2018-03-12,active
ACC00000311,CUST000159,BR030,savings,****4313,174790.54,GBP,2022-05-04,active
ACC00000312,CUST000317,BR026,loan,****8682,-15168.44,USD,2018-11-04,active
ACC00000313,CUST000432,BR020,loan,****3386,-212087.94,EUR,2021-07-14,active
ACC00000314,CUST000359,BR016,loan,****1636,-352463.48,USD,2024-09-21,active
ACC00000315,CUST000199,BR039,credit,****7847,-4954.76,USD,2019-09-18,active
ACC00000316,CUST000465,BR023,credit,****9958,-4359.25,USD,2018-11-02,active
ACC00000317,CUST000054,BR037,loan,****9710,-79196.0,EUR,2025-08-11,active
ACC00000318,CUST000489,BR029,credit,****8415,-9181.08,USD,2025-12-29,closed
ACC00000319,CUST000478,BR014,savings,****2205,98520.18,USD,2023-11-07,active
ACC00000320,CUST000214,BR010,savings,****4500,191460.34,USD,2024-07-28,active
ACC00000321,CUST000413,BR031,loan,****9178,-417245.71,USD,2023-09-25,active
ACC00000322,CUST000062,BR009,checking,****4136,3335.91,USD,2022-06-01,active
ACC00000323,CUST000153,BR042,loan,****9354,-455722.27,EUR,2022-07-04,active
ACC00000324,CUST000322,BR027,checking,****2529,26537.79,USD,2018-08-14,active
ACC00000325,CUST000476,BR008,loan,****1260,-30301.31,USD,2023-06-29,closed
ACC00000326,CUST000148,BR015,savings,****2738,185851.94,USD,2022-06-22,dormant
ACC00000327,CUST000312,BR043,loan,****4130,-199707.64,EUR,2023-08-02,active
ACC00000328,CUST000227,BR046,checking,****3711,9821.83,USD,2024-05-14,active
ACC00000329,CUST000171,BR028,savings,****3300,149603.77,USD,2022-05-31,active
ACC00000330,CUST000266,BR018,credit,****5520,-7880.18,EUR,2018-04-15,closed
ACC00000331,CUST000420,BR041,savings,****1169,135144.41,USD,2024-11-20,active
ACC00000332,CUST000359,BR004,checking,****4159,36500.34,USD,2022-10-18,active
ACC00000333,CUST000054,BR031,loan,****5662,-334779.2,USD,2019-06-06,active
ACC00000334,CUST000396,BR035,credit,****4740,-3860.58,USD,2025-10-12,active
ACC00000335,CUST000261,BR036,checking,****1017,18841.71,USD,2025-01-21,active
ACC00000336,CUST000274,BR018,credit,****9312,-475.22,USD,2018-06-27,active
ACC00000337,CUST000355,BR043,credit,****6728,-8010.19,EUR,2020-01-31,active
ACC00000338,CUST000423,BR050,checking,****5364,19174.61,USD,2020-11-05,active
ACC00000339,CUST000360,BR026,credit,****6075,-6837.39,USD,2019-03-31,dormant
ACC00000340,CUST000147,BR035,savings,****4208,60807.39,USD,2023-02-04,active
ACC00000341,CUST000298,BR035,savings,****3797,15781.37,USD,2021-04-26,active
ACC00000342,CUST000331,BR028,checking,****6730,49144.48,USD,2025-01-03,active
ACC00000343,CUST000054,BR033,credit,****9910,-13.92,USD,2025-07-15,dormant
ACC00000344,CUST000164,BR029,checking,****8046,41537.47,EUR,2019-07-08,active
ACC00000345,CUST000436,BR015,checking,****9337,14208.29,USD,2022-06-11,active
ACC00000346,CUST000064,BR027,savings,****4110,190025.04,USD,2019-03-28,dormant
ACC00000347,CUST000061,BR047,loan,****3553,-352827.93,USD,2025-03-11,active
ACC00000348,CUST000205,BR030,savings,****4864,66054.98,USD,2021-12-01,active
ACC00000349,CUST000243,BR016,savings,****3780,145320.78,USD,2024-10-17,active
ACC00000350,CUST000347,BR034,savings,****8775,120680.81,USD,2019-07-13,active
ACC00000351,CUST000452,BR009,credit,****6829,-5169.28,USD,2019-01-09,active
ACC00000352,CUST000385,BR024,checking,****3918,28833.71,EUR,2022-06-12,active
ACC00000353,CUST000043,BR029,credit,****3277,-1745.36,USD,2019-07-12,dormant
ACC00000354,CUST000031,BR040,savings,****2818,185155.84,USD,2024-01-27,active
ACC00000355,CUST000092,BR017,savings,****1790,66728.03,USD,2023-11-02,active
ACC00000356,CUST000049,BR027,savings,****9975,141934.84,USD,2019-05-07,active
ACC00000357,CUST000142,BR012,checking,****5646,22335.42,USD,2025-08-15,active
ACC00000358,CUST000243,BR032,savings,****3929,65927.09,USD,2018-11-30,active
ACC00000359,CUST000078,BR049,credit,****2529,-1700.55,USD,2021-04-28,active
ACC00000360,CUST000472,BR008,savings,****5094,98051.52,USD,2019-07-13,active
ACC00000361,CUST000161,BR018,checking,****2703,24991.13,USD,2020-02-05,active
ACC00000362,CUST000253,BR019,checking,****9965,27645.69,USD,2025-12-04,active
ACC00000363,CUST000388,BR042,checking,****1497,31946.78,USD,2021-08-23,active
ACC00000364,CUST000498,BR048,loan,****9628,-15649.25,USD,2019-05-06,active
ACC00000365,CUST000442,BR034,credit,****9367,-2224.07,USD,2024-03-09,active
ACC00000366,CUST000491,BR004,savings,****9312,37609.29,USD,2019-06-10,active
ACC00000367,CUST000453,BR001,savings,****3378,172482.86,USD,2020-04-29,active
ACC00000368,CUST000362,BR023,checking,****2036,14909.61,USD,2024-07-02,active
ACC00000369,CUST000275,BR002,loan,****5457,-279578.73,USD,2022-09-04,active
ACC00000370,CUST000313,BR049,loan,****8985,-22510.84,USD,2022-09-23,dormant
ACC00000371,CUST000143,BR040,savings,****9035,19960.05,USD,2022-10-14,active
ACC00000372,CUST000227,BR024,loan,****4836,-14961.68,USD,2020-07-19,active
ACC00000373,CUST000399,BR014,loan,****2003,-181668.97,USD,2025-03-29,active
ACC00000374,CUST000160,BR047,checking,****4327,8700.44,USD,2023-01-23,active
ACC00000375,CUST000148,BR036,credit,****8209,-5144.53,USD,2021-01-15,active
ACC00000376,CUST000278,BR039,credit,****4134,-8243.11,USD,2025-03-15,active
ACC00000377,CUST000491,BR006,savings,****8556,188489.17,USD,2022-05-20,active
ACC00000378,CUST000426,BR007,credit,****7924,-3264.88,USD,2019-03-13,active
ACC00000379,CUST000138,BR013,loan,****6305,-36182.58,USD,2022-11-06,dormant
ACC00000380,CUST000242,BR035,credit,****9842,-8385.56,USD,2025-10-24,active
ACC00000381,CUST000344,BR004,savings,****5408,194497.58,USD,2025-01-01,active
ACC00000382,CUST000415,BR042,savings,****5480,187099.25,EUR,2018-11-04,active
ACC00000383,CUST000413,BR002,checking,****2468,5045.44,USD,2024-03-25,active
ACC00000384,CUST000208,BR028,checking,****5417,37861.74,USD,2025-02-17,active
ACC00000385,CUST000115,BR032,savings,****5040,14726.35,USD,2022-11-23,closed
ACC00000386,CUST000080,BR003,credit,****6860,-5851.57,EUR,2019-11-27,active
ACC00000387,CUST000196,BR048,credit,****6738,-5437.56,USD,2025-02-20,active
ACC00000388,CUST000371,BR029,loan,****1543,-432832.64,USD,2020-02-13,dormant
ACC00000389,CUST000261,BR005,checking,****2256,43427.52,USD,2024-11-19,active
ACC00000390,CUST000309,BR044,credit,****1522,-2114.64,USD,2021-08-30,active
ACC00000391,CUST000312,BR034,checking,****8411,46858.85,USD,2019-09-05,dormant
ACC00000392,CUST000327,BR007,savings,****8070,102289.34,EUR,2023-08-07,active
ACC00000393,CUST000128,BR023,credit,****8907,-6844.51,GBP,2022-07-19,active
ACC00000394,CUST000469,BR041,checking,****6933,47345.72,USD,2024-08-13,active
ACC00000395,CUST000211,BR047,loan,****3281,-126701.87,EUR,2023-04-23,active
ACC00000396,CUST000115,BR025,credit,****5319,-5422.77,EUR,2020-02-16,active
ACC00000397,CUST000463,BR031,loan,****3434,-50688.47,USD,2022-12-31,active
ACC00000398,CUST000342,BR044,credit,****3084,-6392.21,USD,2022-04-16,dormant
ACC00000399,CUST000084,BR005,savings,****5495,109062.36,USD,2022-07-19,dormant
ACC00000400,CUST000346,BR002,credit,****4143,-7829.59,EUR,2025-02-24,active
ACC00000401,CUST000267,BR031,credit,****2565,-8053.5,USD,2021-12-23,active
ACC00000402,CUST000348,BR043,checking,****6490,18763.59,USD,2025-06-07,active
ACC00000403,CUST000498,BR035,savings,****7878,130105.42,USD,2020-05-29,active
ACC00000404,CUST000029,BR045,savings,****3309,75934.52,USD,2018-04-06,active
ACC00000405,CUST000163,BR026,savings,****9191,69145.73,USD,2018-08-30,active
ACC00000406,CUST000160,BR004,checking,****7152,31382.78,EUR,2022-08-08,active
ACC00000407,CUST000270,BR039,savings,****8573,172588.64,EUR,2023-03-09,active
ACC00000408,CUST000015,BR047,credit,****4303,-1018.02,USD,2023-05-03,active
ACC00000409,CUST000429,BR018,credit,****3161,-6015.31,USD,2025-01-27,active
ACC00000410,CUST000379,BR022,savings,****8097,47344.74,GBP,2021-07-08,dormant
ACC00000411,CUST000304,BR044,checking,****5161,20560.69,USD,2019-12-06,active
ACC00000412,CUST000013,BR024,credit,****5146,-9666.41,USD,2022-12-09,active
ACC00000413,CUST000198,BR049,credit,****6665,-2854.91,USD,2020-10-16,active
ACC00000414,CUST000377,BR007,checking,****1575,23077.15,USD,2021-06-05,active
ACC00000415,CUST000301,BR020,loan,****9802,-150051.21,USD,2022-09-04,active
ACC00000416,CUST000455,BR044,checking,****7216,48361.35,USD,2019-10-09,active
ACC00000417,CUST000381,BR029,savings,****8826,54714.54,USD,2018-08-05,active
ACC00000418,CUST000230,BR029,loan,****3801,-413146.89,USD,2021-02-02,closed
ACC00000419,CUST000268,BR030,savings,****9496,63659.84,USD,2024-02-05,closed
ACC00000420,CUST000415,BR018,credit,****5197,-6260.35,USD,2018-01-20,closed
ACC00000421,CUST000201,BR049,checking,****6734,15698.61,USD,2023-05-10,active
ACC00000422,CUST000496,BR001,checking,****4824,43913.71,EUR,2020-06-03,active
ACC00000423,CUST000452,BR026,checking,****3359,49420.6,USD,2021-11-11,active
ACC00000424,CUST000127,BR025,credit,****5084,-3922.48,EUR,2023-07-15,active
ACC00000425,CUST000327,BR020,checking,****6367,40243.05,USD,2021-02-07,active
ACC00000426,CUST000219,BR035,credit,****4905,-9862.91,USD,2024-08-15,active
ACC00000427,CUST000042,BR042,loan,****7254,-331772.59,USD,2022-07-12,active
ACC00000428,CUST000380,BR050,loan,****3720,-323497.84,USD,2025-01-06,closed
ACC00000429,CUST000493,BR050,checking,****3052,22553.16,USD,2021-09-16,active
ACC00000430,CUST000386,BR033,savings,****6623,121361.31,GBP,2019-03-30,active
ACC00000431,CUST000101,BR047,checking,****7166,44015.83,USD,2021-12-06,dormant
ACC00000432,CUST000475,BR050,checking,****2107,29566.13,USD,2018-08-01,active
ACC00000433,CUST000158,BR008,loan,****4283,-400271.27,USD,2025-02-22,active
ACC00000434,CUST000408,BR012,credit,****9459,-4157.23,GBP,2022-04-25,active
ACC00000435,CUST000035,BR045,loan,****8668,-440964.9,USD,2025-02-18,active
ACC00000436,CUST000097,BR045,savings,****8733,180441.58,USD,2025-05-18,active
ACC00000437,CUST000337,BR033,savings,****2249,150771.82,USD,2025-08-25,active
ACC00000438,CUST000419,BR001,savings,****8478,125951.15,USD,2019-01-30,active
ACC00000439,CUST000174,BR009,loan,****2605,-54649.68,EUR,2025-03-06,active
ACC00000440,CUST000188,BR011,loan,****7229,-253010.52,USD,2019-08-02,active
ACC00000441,CUST000305,BR007,loan,****6789,-116585.78,USD,2018-09-19,active
ACC00000442,CUST000294,BR036,savings,****8012,102460.23,USD,2020-11-22,active
ACC00000443,CUST000316,BR040,savings,****5781,13835.5,EUR,2019-05-03,active
ACC00000444,CUST000006,BR001,savings,****8976,70072.13,USD,2025-09-13,dormant
ACC00000445,CUST000254,BR025,credit,****7293,-7014.09,USD,2024-02-09,active
ACC00000446,CUST000461,BR008,checking,****9760,818.89,USD,2023-01-04,active
ACC00000447,CUST000305,BR050,savings,****2332,139260.68,USD,2023-05-16,active
ACC00000448,CUST000160,BR027,savings,****5482,143445.19,USD,2022-12-19,active
ACC00000449,CUST000221,BR042,loan,****8390,-347918.04,USD,2020-09-03,active
ACC00000450,CUST000062,BR035,credit,****2854,-1363.51,USD,2025-05-12,active
ACC00000451,CUST000148,BR017,savings,****9811,89772.92,USD,2022-12-31,active
ACC00000452,CUST000147,BR002,checking,****8838,38041.08,USD,2021-02-03,dormant
ACC00000453,CUST000444,BR046,credit,****5019,-9212.18,USD,2020-01-09,active
ACC00000454,CUST000493,BR050,checking,****3720,14322.57,USD,2020-10-23,active
ACC00000455,CUST000022,BR048,loan,****4535,-409528.6,USD,2022-04-14,active
ACC00000456,CUST000246,BR018,loan,****3928,-185978.05,USD,2020-03-29,active
ACC00000457,CUST000251,BR009,loan,****7807,-392014.94,USD,2021-01-07,active
ACC00000458,CUST000091,BR038,loan,****7080,-407140.13,USD,2018-02-11,active
ACC00000459,CUST000183,BR034,checking,****1574,7596.8,USD,2019-03-02,active
ACC00000460,CUST000499,BR048,checking,****9971,48854.83,USD,2018-10-20,active
ACC00000461,CUST000438,BR049,credit,****9645,-5158.13,USD,2019-09-13,active
ACC00000462,CUST000058,BR042,loan,****5186,-53201.1,EUR,2020-10-27,active
ACC00000463,CUST000414,BR046,credit,****9391,-4332.96,USD,2021-03-23,active
ACC00000464,CUST000202,BR030,checking,****4377,34062.16,USD,2019-06-18,active
ACC00000465,CUST000301,BR038,credit,****9336,-4626.46,USD,2018-08-15,active
ACC00000466,CUST000011,BR005,credit,****7262,-2234.93,USD,2018-04-22,active
ACC00000467,CUST000189,BR047,checking,****7324,30030.2,EUR,2023-04-21,active
ACC00000468,CUST000046,BR019,checking,****9497,26366.43,USD,2023-01-04,active
ACC00000469,CUST000493,BR036,loan,****4579,-187349.28,GBP,2025-05-04,closed
ACC00000470,CUST000035,BR006,checking,****6404,29308.77,USD,2025-09-19,active
ACC00000471,CUST000169,BR035,loan,****8398,-316355.63,EUR,2021-12-01,dormant
ACC00000472,CUST000058,BR015,credit,****7357,-5124.37,GBP,2020-01-28,active
ACC00000473,CUST000116,BR036,loan,****2995,-290910.78,USD,2020-12-03,active
ACC00000474,CUST000428,BR011,loan,****9984,-469040.46,GBP,2018-09-19,active
ACC00000475,CUST000355,BR014,savings,****1686,25935.42,USD,2023-02-21,active
ACC00000476,CUST000433,BR011,credit,****1372,-5284.12,USD,2024-11-06,active
ACC00000477,CUST000291,BR030,savings,****7878,175968.13,USD,2025-07-28,active
ACC00000478,CUST000219,BR037,savings,****9514,73941.73,EUR,2021-08-13,active
ACC00000479,CUST000499,BR044,credit,****1852,-5535.99,USD,2018-06-23,active
ACC00000480,CUST000098,BR014,loan,****4231,-313454.74,USD,2019-01-03,active
ACC00000481,CUST000349,BR035,loan,****1096,-359146.46,USD,2018-10-28,active
ACC00000482,CUST000483,BR050,credit,****1742,-1187.89,USD,2023-01-13,active
ACC00000483,CUST000237,BR005,savings,****2052,115857.1,USD,2021-01-07,active
ACC00000484,CUST000094,BR006,credit,****2356,-3944.79,EUR,2024-05-01,active
ACC00000485,CUST000041,BR014,credit,****9675,-7553.49,USD,2021-02-02,active
ACC00000486,CUST000300,BR006,credit,****2615,-4772.96,USD,2021-09-27,active
ACC00000487,CUST000407,BR010,credit,****1547,-6837.78,EUR,2024-06-19,active
ACC00000488,CUST000473,BR009,loan,****4440,-302759.4,USD,2022-01-03,dormant
ACC00000489,CUST000206,BR043,checking,****8783,45121.42,USD,2024-11-20,active
ACC00000490,CUST000183,BR029,loan,****1489,-200155.26,USD,2023-11-14,active
ACC00000491,CUST000156,BR022,credit,****3284,-1940.8,USD,2018-09-05,active
ACC00000492,CUST000496,BR038,savings,****8870,193958.98,EUR,2024-07-22,active
ACC00000493,CUST000456,BR008,credit,****8156,-8614.35,USD,2019-12-22,active
ACC00000494,CUST000356,BR032,loan,****2418,-281223.13,USD,2021-05-25,active
ACC00000495,CUST000052,BR034,loan,****6192,-145479.22,GBP,2019-10-22,active
ACC00000496,CUST000141,BR033,checking,****1210,36804.6,USD,2024-03-17,active
ACC00000497,CUST000393,BR006,credit,****1031,-6103.17,EUR,2019-09-24,active
ACC00000498,CUST000425,BR049,credit,****4930,-4397.04,EUR,2019-05-03,active
ACC00000499,CUST000256,BR017,credit,****2100,-674.98,USD,2023-08-18,active
ACC00000500,CUST000075,BR027,checking,****4280,43675.26,USD,2024-07-14,active
ACC00000501,CUST000137,BR018,checking,****3062,42691.08,USD,2019-09-25,active
ACC00000502,CUST000256,BR040,loan,****9578,-494080.92,USD,2020-04-15,active
ACC00000503,CUST000269,BR027,loan,****8644,-345413.01,USD,2021-08-25,active
ACC00000504,CUST000067,BR042,loan,****5133,-210590.61,USD,2020-09-01,active
ACC00000505,CUST000500,BR007,checking,****5042,16261.19,USD,2021-07-23,active
ACC00000506,CUST000447,BR016,savings,****5100,19193.81,USD,2021-06-28,dormant
ACC00000507,CUST000244,BR010,savings,****9614,95135.74,USD,2020-07-16,active
ACC00000508,CUST000313,BR030,savings,****9750,169836.03,USD,2019-03-13,active
ACC00000509,CUST000076,BR041,credit,****5507,-623.5,USD,2024-03-04,active
ACC00000510,CUST000382,BR040,credit,****1416,-254.61,USD,2024-11-17,active
ACC00000511,CUST000431,BR022,loan,****2396,-227058.07,USD,2021-09-20,active
ACC00000512,CUST000342,BR036,checking,****5515,3904.64,USD,2019-11-01,active
ACC00000513,CUST000263,BR045,savings,****1097,169105.4,USD,2018-04-19,active
ACC00000514,CUST000423,BR019,checking,****7506,24242.36,EUR,2020-12-30,active
ACC00000515,CUST000005,BR003,credit,****2348,-914.23,USD,2025-11-20,active
ACC00000516,CUST000169,BR029,credit,****6716,-1583.73,USD,2019-05-17,active
ACC00000517,CUST000212,BR027,checking,****9301,10360.72,USD,2019-10-28,active
ACC00000518,CUST000329,BR001,credit,****7960,-5902.81,USD,2020-09-13,active
ACC00000519,CUST000289,BR025,loan,****4611,-51484.75,USD,2018-12-15,active
ACC00000520,CUST000182,BR013,loan,****5984,-306128.6,USD,2023-03-29,active
ACC00000521,CUST000473,BR049,checking,****3008,27332.24,EUR,2023-04-07,active
ACC00000522,CUST000227,BR018,loan,****2053,-424859.72,GBP,2018-03-30,active
ACC00000523,CUST000130,BR008,credit,****9231,-1085.2,USD,2025-08-27,active
ACC00000524,CUST000158,BR037,checking,****8389,17668.85,USD,2019-02-18,active
ACC00000525,CUST000276,BR020,loan,****6715,-380466.36,EUR,2024-03-23,active
ACC00000526,CUST000174,BR040,savings,****7787,152349.86,EUR,2022-07-12,active
ACC00000527,CUST000122,BR036,checking,****6655,2848.46,EUR,2020-11-03,active
ACC00000528,CUST000448,BR005,checking,****3942,25063.54,USD,2020-07-14,active
ACC00000529,CUST000001,BR043,savings,****2210,147765.78,USD,2024-09-06,active
ACC00000530,CUST000324,BR007,loan,****1686,-336225.44,EUR,2024-10-04,active
ACC00000531,CUST000475,BR010,loan,****7568,-90193.33,EUR,2018-03-14,active
ACC00000532,CUST000420,BR023,savings,****3283,33418.21,USD,2022-04-20,active
ACC00000533,CUST000073,BR040,credit,****4687,-139.51,USD,2024-04-28,active
ACC00000534,CUST000118,BR008,savings,****5128,68785.93,EUR,2022-11-12,active
ACC00000535,CUST000217,BR035,savings,****1854,92061.12,EUR,2018-02-14,active
ACC00000536,CUST000460,BR029,savings,****5046,127728.05,USD,2018-11-26,active
ACC00000537,CUST000434,BR017,checking,****4595,6661.98,EUR,2024-12-18,active
ACC00000538,CUST000497,BR018,loan,****4874,-135155.14,USD,2021-11-06,active
ACC00000539,CUST000045,BR028,savings,****6773,77108.2,EUR,2020-08-20,active
ACC00000540,CUST000300,BR032,checking,****3416,32980.59,USD,2024-08-31,active
ACC00000541,CUST000237,BR047,loan,****9685,-103572.09,USD,2022-05-06,active
ACC00000542,CUST000306,BR036,credit,****2335,-8955.86,USD,2023-06-11,active
ACC00000543,CUST000438,BR020,loan,****8675,-274142.89,USD,2021-04-26,active
ACC00000544,CUST000353,BR037,credit,****7405,-315.01,USD,2023-07-30,active
ACC00000545,CUST000491,BR009,credit,****9000,-8445.05,USD,2022-12-29,closed
ACC00000546,CUST000046,BR039,loan,****6603,-14046.46,USD,2020-10-07,active
ACC00000547,CUST000387,BR007,savings,****8424,48364.44,EUR,2018-10-18,active
ACC00000548,CUST000096,BR050,credit,****9904,-6071.61,USD,2018-12-15,active
ACC00000549,CUST000188,BR046,savings,****4418,44536.51,USD,2022-12-22,active
ACC00000550,CUST000452,BR023,loan,****2972,-254536.64,USD,2024-04-04,active
ACC00000551,CUST000477,BR045,loan,****2705,-301009.76,USD,2022-09-09,active
ACC00000552,CUST000060,BR032,checking,****1384,33264.99,USD,2025-04-18,active
ACC00000553,CUST000304,BR045,savings,****2497,118354.67,USD,2024-03-29,active
ACC00000554,CUST000158,BR029,loan,****1738,-461530.21,USD,2022-12-24,active
ACC00000555,CUST000070,BR043,loan,****3973,-184132.85,USD,2023-04-01,active
ACC00000556,CUST000351,BR038,savings,****3170,142409.1,EUR,2018-11-15,active
ACC00000557,CUST000071,BR043,savings,****3359,148121.81,EUR,2021-05-15,active
ACC00000558,CUST000462,BR002,loan,****8993,-56734.21,USD,2022-04-19,active
ACC00000559,CUST000472,BR031,credit,****4312,-4151.49,USD,2019-07-14,active
ACC00000560,CUST000136,BR005,credit,****3095,-765.85,EUR,2019-11-01,active
ACC00000561,CUST000174,BR003,checking,****6351,5221.07,USD,2020-06-17,active
ACC00000562,CUST000062,BR025,savings,****7102,28565.03,USD,2018-04-06,dormant
ACC00000563,CUST000163,BR011,credit,****6268,-7804.32,USD,2018-04-13,active
ACC00000564,CUST000125,BR043,credit,****1717,-6023.29,USD,2025-08-28,active
ACC00000565,CUST000332,BR017,loan,****2546,-415563.58,EUR,2025-10-01,closed
ACC00000566,CUST000027,BR017,savings,****5121,198688.1,USD,2018-11-14,active
ACC00000567,CUST000236,BR018,savings,****8816,122687.09,USD,2019-01-02,active
ACC00000568,CUST000258,BR014,loan,****4102,-424554.61,USD,2022-05-28,active
ACC00000569,CUST000144,BR014,loan,****8477,-31259.34,USD,2024-08-07,active
ACC00000570,CUST000097,BR024,credit,****9758,-8315.83,EUR,2025-12-17,active
ACC00000571,CUST000416,BR043,savings,****5320,90622.06,EUR,2023-07-04,active
ACC00000572,CUST000440,BR039,checking,****8580,38183.99,EUR,2023-01-24,active
ACC00000573,CUST000003,BR037,savings,****5657,135106.98,USD,2019-08-12,active
ACC00000574,CUST000109,BR031,credit,****1874,-2581.93,USD,2020-11-21,active
ACC00000575,CUST000389,BR005,credit,****8485,-6916.96,EUR,2018-07-01,active
ACC00000576,CUST000249,BR001,credit,****1057,-3028.48,USD,2019-08-20,active
ACC00000577,CUST000160,BR033,savings,****2932,118555.8,USD,2019-08-20,active
ACC00000578,CUST000384,BR049,checking,****5026,35915.42,EUR,2019-08-16,active
ACC00000579,CUST000239,BR033,savings,****3075,133604.59,GBP,2020-10-21,active
ACC00000580,CUST000230,BR034,savings,****9419,184037.75,USD,2025-12-14,active
ACC00000581,CUST000320,BR015,credit,****7405,-9453.99,USD,2019-08-28,active
ACC00000582,CUST000188,BR012,savings,****1355,163329.79,USD,2025-05-05,active
ACC00000583,CUST000386,BR047,loan,****7413,-279537.03,USD,2022-08-06,active
ACC00000584,CUST000093,BR028,loan,****2631,-235490.59,USD,2020-05-31,closed
ACC00000585,CUST000296,BR037,savings,****8613,129039.29,EUR,2023-06-01,closed
ACC00000586,CUST000342,BR004,credit,****9319,-1697.62,USD,2023-04-07,active
ACC00000587,CUST000319,BR049,checking,****9455,167.39,USD,2024-09-22,closed
ACC00000588,CUST000101,BR025,loan,****5344,-80509.45,USD,2025-11-11,active
ACC00000589,CUST000245,BR045,loan,****1991,-468387.61,USD,2019-11-15,active
ACC00000590,CUST000042,BR015,savings,****3103,132449.29,USD,2019-02-28,active
ACC00000591,CUST000197,BR010,savings,****3052,182272.58,EUR,2020-08-26,active
ACC00000592,CUST000108,BR015,credit,****9035,-8188.34,USD,2018-01-04,active
ACC00000593,CUST000046,BR027,savings,****3852,160016.76,USD,2024-10-16,active
ACC00000594,CUST000223,BR018,savings,****9590,136005.63,USD,2018-01-17,active
ACC00000595,CUST000274,BR044,savings,****9386,193348.99,USD,2023-12-30,active
ACC00000596,CUST000023,BR005,savings,****4194,80052.66,EUR,2021-02-17,active
ACC00000597,CUST000237,BR041,savings,****8846,194221.23,USD,2024-06-25,active
ACC00000598,CUST000155,BR019,loan,****4131,-462693.58,USD,2018-09-19,active
ACC00000599,CUST000472,BR015,checking,****6925,29549.76,USD,2025-06-02,active
ACC00000600,CUST000218,BR044,credit,****1546,-1835.19,USD,2020-08-26,active
ACC00000601,CUST000031,BR037,savings,****3881,8806.3,USD,2025-02-14,active
ACC00000602,CUST000134,BR022,checking,****4671,10207.91,USD,2024-12-09,active
ACC00000603,CUST000046,BR003,savings,****9512,187067.95,USD,2018-06-20,dormant
ACC00000604,CUST000290,BR010,checking,****3022,17147.72,USD,2022-07-03,active
ACC00000605,CUST000161,BR041,loan,****5837,-477835.98,USD,2019-04-15,active
ACC00000606,CUST000069,BR036,credit,****6168,-6041.98,USD,2022-12-09,active
ACC00000607,CUST000337,BR015,loan,****2995,-436504.35,USD,2024-09-19,active
ACC00000608,CUST000353,BR020,loan,****7712,-397414.04,USD,2023-06-09,active
ACC00000609,CUST000193,BR031,credit,****8064,-2096.78,GBP,2020-08-01,dormant
ACC00000610,CUST000192,BR020,loan,****4786,-240311.87,USD,2020-02-26,active
ACC00000611,CUST000301,BR022,checking,****6342,47935.06,EUR,2025-06-12,active
ACC00000612,CUST000328,BR037,checking,****1201,12878.39,GBP,2020-04-23,active
ACC00000613,CUST000365,BR048,savings,****2213,1014.96,USD,2025-11-19,active
ACC00000614,CUST000178,BR048,savings,****2061,191051.96,EUR,2025-10-05,active
ACC00000615,CUST000060,BR012,checking,****3276,44358.48,USD,2020-11-06,active
ACC00000616,CUST000317,BR038,savings,****8938,26351.59,USD,2023-03-31,active
ACC00000617,CUST000105,BR021,loan,****9681,-156324.77,USD,2021-08-10,active
ACC00000618,CUST000427,BR022,checking,****6897,10427.79,USD,2025-06-08,active
ACC00000619,CUST000359,BR037,credit,****4373,-2868.01,USD,2022-02-18,active
ACC00000620,CUST000471,BR045,checking,****6647,35486.83,USD,2023-10-21,active
ACC00000621,CUST000482,BR048,loan,****6078,-387735.21,USD,2021-05-18,closed
ACC00000622,CUST000253,BR041,savings,****1369,85749.7,USD,2018-02-28,active
ACC00000623,CUST000097,BR035,credit,****1552,-7541.21,USD,2023-05-11,active
ACC00000624,CUST000416,BR014,checking,****3226,334.73,EUR,2019-08-04,active
ACC00000625,CUST000032,BR008,loan,****6346,-159079.29,USD,2025-10-07,active
ACC00000626,CUST000254,BR003,credit,****7327,-928.16,USD,2019-04-29,active
ACC00000627,CUST000114,BR014,loan,****1456,-300818.54,USD,2021-12-01,active
ACC00000628,CUST000095,BR043,checking,****7274,25777.13,USD,2021-04-16,active
ACC00000629,CUST000500,BR010,checking,****5331,18617.73,USD,2023-10-21,active
ACC00000630,CUST000014,BR001,credit,****9595,-1766.62,GBP,2019-03-02,active
ACC00000631,CUST000370,BR036,savings,****9321,124185.17,USD,2022-11-01,active
ACC00000632,CUST000126,BR038,loan,****9733,-414110.46,USD,2023-06-18,active
ACC00000633,CUST000172,BR016,savings,****5352,58317.98,USD,2024-02-29,active
ACC00000634,CUST000416,BR028,savings,****3608,143661.7,USD,2019-04-07,active
ACC00000635,CUST000045,BR032,savings,****7705,184150.94,USD,2020-06-18,active
ACC00000636,CUST000017,BR033,checking,****1420,15289.2,USD,2020-04-23,active
ACC00000637,CUST000098,BR045,loan,****3765,-45913.36,USD,2022-09-11,dormant
ACC00000638,CUST000288,BR034,loan,****3074,-494427.9,USD,2025-03-06,active
ACC00000639,CUST000082,BR011,savings,****5671,160269.8,USD,2023-11-22,active
ACC00000640,CUST000004,BR010,loan,****7058,-70450.29,USD,2024-08-22,active
ACC00000641,CUST000313,BR041,loan,****5855,-46274.75,USD,2021-01-08,active
ACC00000642,CUST000152,BR047,checking,****9788,33842.16,USD,2018-12-02,active
ACC00000643,CUST000335,BR050,loan,****9028,-349812.9,USD,2022-01-06,active
ACC00000644,CUST000400,BR013,loan,****6803,-138997.81,USD,2022-11-09,active
ACC00000645,CUST000067,BR041,credit,****1959,-4137.98,USD,2020-05-17,active
ACC00000646,CUST000246,BR016,savings,****3237,170213.96,USD,2023-11-03,active
ACC00000647,CUST000342,BR008,savings,****9931,76804.37,USD,2025-05-04,active
ACC00000648,CUST000430,BR025,credit,****9489,-2551.75,USD,2022-12-21,active
ACC00000649,CUST000212,BR032,savings,****3848,63044.37,USD,2019-05-26,active
ACC00000650,CUST000298,BR027,loan,****8907,-365375.85,USD,2018-08-11,active
ACC00000651,CUST000362,BR034,savings,****5764,136132.72,EUR,2020-05-09,active
ACC00000652,CUST000459,BR034,credit,****4082,-8758.55,USD,2023-04-02,active
ACC00000653,CUST000401,BR048,credit,****1439,-1651.9,USD,2022-07-15,closed
ACC00000654,CUST000066,BR021,credit,****1779,-1930.73,GBP,2023-09-12,active
ACC00000655,CUST000449,BR003,savings,****8677,4688.83,USD,2025-09-16,active
ACC00000656,CUST000033,BR042,loan,****6345,-239820.73,USD,2018-09-18,active
ACC00000657,CUST000214,BR005,loan,****5572,-210263.52,USD,2024-09-21,closed
ACC00000658,CUST000302,BR042,savings,****9653,92058.72,USD,2023-09-20,dormant
ACC00000659,CUST000338,BR012,loan,****7766,-230055.57,EUR,2020-12-14,active
ACC00000660,CUST000262,BR015,credit,****1655,-4207.53,USD,2024-05-11,dormant
ACC00000661,CUST000139,BR025,loan,****6124,-308650.47,USD,2019-03-16,active
ACC00000662,CUST000066,BR007,credit,****9230,-8482.53,USD,2023-07-08,active
ACC00000663,CUST000193,BR013,checking,****9859,5946.95,USD,2020-06-10,active
ACC00000664,CUST000401,BR045,checking,****5271,24516.2,GBP,2025-07-15,active
ACC00000665,CUST000391,BR036,loan,****9926,-275896.79,USD,2022-04-26,active
ACC00000666,CUST000196,BR033,credit,****8306,-3692.31,USD,2018-09-11,active
ACC00000667,CUST000043,BR027,savings,****9223,53762.36,USD,2024-06-28,active
ACC00000668,CUST000139,BR021,credit,****8937,-9106.41,USD,2018-06-10,active
ACC00000669,CUST000040,BR048,loan,****7120,-278427.72,USD,2024-02-21,active
ACC00000670,CUST000128,BR042,checking,****6656,23951.51,USD,2020-03-26,active
ACC00000671,CUST000018,BR031,savings,****7983,180466.92,USD,2020-01-26,active
ACC00000672,CUST000180,BR016,checking,****3458,7322.05,EUR,2022-03-01,closed
ACC00000673,CUST000094,BR018,credit,****7764,-9840.68,USD,2022-01-16,active
ACC00000674,CUST000417,BR021,checking,****4108,23664.93,EUR,2022-06-30,active
ACC00000675,CUST000262,BR024,loan,****1194,-355233.83,USD,2024-05-31,closed
ACC00000676,CUST000080,BR021,checking,****2330,16924.13,USD,2022-09-06,active
ACC00000677,CUST000015,BR024,credit,****8365,-8175.5,USD,2020-06-02,active
ACC00000678,CUST000164,BR022,savings,****7854,181708.23,EUR,2025-07-29,active
ACC00000679,CUST000132,BR016,savings,****4882,79807.24,EUR,2025-03-19,active
ACC00000680,CUST000116,BR014,checking,****3018,8844.9,USD,2021-04-07,active
ACC00000681,CUST000401,BR034,savings,****2019,49061.51,EUR,2021-03-06,active
ACC00000682,CUST000135,BR018,checking,****3028,41610.32,USD,2019-11-05,active
ACC00000683,CUST000436,BR021,checking,****9962,11271.16,EUR,2019-03-08,active
ACC00000684,CUST000369,BR009,checking,****5889,26877.35,USD,2018-01-28,active
ACC00000685,CUST000129,BR018,savings,****6727,107628.33,USD,2023-10-08,dormant
ACC00000686,CUST000239,BR037,loan,****4823,-237130.24,USD,2018-01-17,active
ACC00000687,CUST000062,BR049,checking,****4662,49322.56,USD,2020-06-05,active
ACC00000688,CUST000279,BR040,savings,****5088,153239.74,USD,2025-09-18,active
ACC00000689,CUST000460,BR020,checking,****5953,8021.54,USD,2022-09-25,active
ACC00000690,CUST000467,BR022,checking,****7540,4775.21,GBP,2022-06-18,active
ACC00000691,CUST000391,BR040,credit,****3082,-6553.15,USD,2022-05-09,dormant
ACC00000692,CUST000102,BR037,savings,****8195,89830.89,USD,2019-12-28,active
ACC00000693,CUST000170,BR043,savings,****3433,189476.79,USD,2022-04-09,active
ACC00000694,CUST000154,BR020,checking,****9409,14792.02,EUR,2019-01-21,active
ACC00000695,CUST000451,BR048,loan,****1051,-472523.42,EUR,2024-09-29,active
ACC00000696,CUST000194,BR027,credit,****1200,-484.78,USD,2018-01-27,active
ACC00000697,CUST000411,BR036,savings,****5912,193527.67,USD,2025-01-29,active
ACC00000698,CUST000046,BR010,credit,****4369,-8359.39,USD,2018-01-03,active
ACC00000699,CUST000185,BR045,savings,****1609,112562.07,GBP,2018-10-06,active
ACC00000700,CUST000191,BR039,checking,****7074,34308.68,USD,2018-01-06,active
ACC00000701,CUST000384,BR050,credit,****8471,-2313.4,USD,2022-03-07,active
ACC00000702,CUST000185,BR021,credit,****9955,-9151.54,USD,2023-01-21,active
ACC00000703,CUST000232,BR023,loan,****7549,-308638.17,USD,2021-11-01,active
ACC00000704,CUST000219,BR001,credit,****4317,-9084.4,USD,2025-07-16,active
ACC00000705,CUST000093,BR029,credit,****9925,-8739.44,USD,2021-02-26,active
ACC00000706,CUST000411,BR046,credit,****5113,-4385.2,USD,2019-06-10,active
ACC00000707,CUST000066,BR047,loan,****5202,-11409.94,USD,2020-09-16,active
ACC00000708,CUST000475,BR017,savings,****8962,167877.99,EUR,2018-03-29,active
ACC00000709,CUST000241,BR040,loan,****7708,-125053.13,USD,2025-06-26,active
ACC00000710,CUST000332,BR039,loan,****8421,-123506.9,GBP,2025-05-06,active
ACC00000711,CUST000375,BR049,savings,****7490,140289.18,USD,2023-10-07,active
ACC00000712,CUST000036,BR033,savings,****7087,188732.99,USD,2024-02-09,active
ACC00000713,CUST000110,BR044,credit,****7020,-9990.76,GBP,2024-06-18,active
ACC00000714,CUST000328,BR037,checking,****6506,49669.73,USD,2023-05-13,active
ACC00000715,CUST000038,BR023,loan,****1363,-58332.17,USD,2023-03-03,active
ACC00000716,CUST000297,BR019,credit,****4510,-8748.2,USD,2018-02-24,active
ACC00000717,CUST000148,BR001,loan,****7935,-421443.79,EUR,2023-04-27,active
ACC00000718,CUST000291,BR040,credit,****3595,-6586.27,USD,2023-01-21,active
ACC00000719,CUST000447,BR037,checking,****5249,33721.88,USD,2018-08-26,active
ACC00000720,CUST000226,BR027,checking,****6080,18788.61,EUR,2023-05-06,active
ACC00000721,CUST000227,BR044,credit,****8333,-5814.99,USD,2020-08-04,active
ACC00000722,CUST000285,BR047,savings,****9213,170652.2,EUR,2018-06-27,active
ACC00000723,CUST000250,BR011,loan,****2511,-465899.34,USD,2024-08-23,active
ACC00000724,CUST000411,BR014,credit,****8717,-8044.5,USD,2022-12-25,active
ACC00000725,CUST000084,BR017,checking,****5076,13898.96,EUR,2018-05-12,active
ACC00000726,CUST000181,BR011,checking,****4955,47319.55,USD,2020-12-17,active
ACC00000727,CUST000165,BR001,credit,****7571,-2372.67,USD,2022-01-09,active
ACC00000728,CUST000005,BR044,credit,****9083,-9289.29,USD,2018-04-22,active
ACC00000729,CUST000229,BR018,credit,****2738,-9785.98,USD,2023-09-11,active
ACC00000730,CUST000009,BR018,credit,****2132,-1051.77,EUR,2025-12-06,dormant
ACC00000731,CUST000187,BR002,loan,****9074,-462966.8,EUR,2019-12-14,active
ACC00000732,CUST000141,BR005,savings,****9133,177970.73,GBP,2022-12-18,active
ACC00000733,CUST000042,BR007,checking,****5469,4188.3,USD,2019-08-02,closed
ACC00000734,CUST000207,BR012,checking,****8376,17000.37,EUR,2021-10-30,active
ACC00000735,CUST000026,BR044,loan,****4274,-244589.15,USD,2021-08-30,active
ACC00000736,CUST000075,BR006,loan,****4765,-20059.64,USD,2025-03-29,closed
ACC00000737,CUST000309,BR043,checking,****6002,48232.25,USD,2019-11-19,active
ACC00000738,CUST000379,BR010,credit,****6021,-4325.96,USD,2023-02-17,active
ACC00000739,CUST000048,BR004,credit,****7111,-2214.58,EUR,2019-09-21,active
ACC00000740,CUST000258,BR025,checking,****1723,47657.8,USD,2022-11-08,dormant
ACC00000741,CUST000238,BR015,savings,****9068,191084.96,EUR,2024-12-07,active
ACC00000742,CUST000185,BR039,checking,****9526,11103.92,GBP,2020-05-02,active
ACC00000743,CUST000249,BR029,credit,****5485,-1339.1,USD,2020-08-08,active
ACC00000744,CUST000382,BR028,checking,****3575,20677.42,USD,2018-05-20,active
ACC00000745,CUST000244,BR004,credit,****2873,-2736.05,EUR,2022-12-18,active
ACC00000746,CUST000271,BR036,checking,****6035,38064.17,GBP,2019-10-06,active
ACC00000747,CUST000435,BR019,loan,****6667,-369006.12,USD,2024-09-12,dormant
ACC00000748,CUST000198,BR049,loan,****1742,-271169.14,USD,2023-07-03,active
ACC00000749,CUST000119,BR044,loan,****8328,-413889.78,USD,2023-05-19,active
ACC00000750,CUST000432,BR046,loan,****1004,-440867.58,USD,2021-01-25,active
ACC00000751,CUST000397,BR001,credit,****5875,-6015.39,GBP,2023-09-15,active
ACC00000752,CUST000325,BR016,checking,****8706,46435.13,USD,2018-07-12,active
ACC00000753,CUST000019,BR008,savings,****7115,46371.25,EUR,2019-01-30,active
ACC00000754,CUST000127,BR012,credit,****4003,-5377.02,GBP,2025-06-19,active
ACC00000755,CUST000475,BR050,checking,****9464,34665.42,USD,2021-03-10,active
ACC00000756,CUST000240,BR032,savings,****8406,1990.4,USD,2024-09-18,active
ACC00000757,CUST000419,BR019,checking,****6330,7084.31,USD,2025-11-27,active
ACC00000758,CUST000422,BR009,loan,****8973,-493777.53,USD,2021-12-20,dormant
ACC00000759,CUST000146,BR017,savings,****1166,26239.0,GBP,2025-08-18,active
ACC00000760,CUST000018,BR038,checking,****2047,29497.19,USD,2023-12-07,active
ACC00000761,CUST000418,BR035,loan,****2391,-335066.05,USD,2021-06-23,active
ACC00000762,CUST000304,BR025,savings,****1148,180360.38,USD,2018-08-02,active
ACC00000763,CUST000365,BR032,savings,****6409,41188.31,USD,2020-04-14,active
ACC00000764,CUST000042,BR042,loan,****2614,-404586.43,USD,2023-10-23,active
ACC00000765,CUST000076,BR031,savings,****5699,95630.79,USD,2019-12-19,active
ACC00000766,CUST000069,BR011,credit,****3243,-9863.53,USD,2023-05-22,active
ACC00000767,CUST000431,BR004,savings,****9509,55065.38,USD,2019-05-06,active
ACC00000768,CUST000321,BR035,credit,****4855,-8330.82,USD,2022-05-17,active
ACC00000769,CUST000058,BR045,credit,****4953,-4538.03,USD,2021-12-28,active
ACC00000770,CUST000385,BR023,credit,****1951,-6660.86,USD,2018-06-15,active
ACC00000771,CUST000012,BR011,checking,****1150,20957.94,USD,2025-09-04,closed
ACC00000772,CUST000092,BR032,checking,****2292,42194.94,USD,2024-07-23,active
ACC00000773,CUST000327,BR017,loan,****5374,-289817.43,USD,2020-09-10,active
ACC00000774,CUST000050,BR040,savings,****3336,91799.34,EUR,2020-01-06,active
ACC00000775,CUST000302,BR027,loan,****2498,-129423.54,GBP,2018-07-05,active
ACC00000776,CUST000163,BR018,savings,****9711,83084.75,USD,2018-03-13,active
ACC00000777,CUST000361,BR042,checking,****4708,14532.33,USD,2019-07-12,active
ACC00000778,CUST000030,BR028,loan,****7237,-281623.86,EUR,2018-02-04,active
ACC00000779,CUST000223,BR020,checking,****2983,7537.58,USD,2022-05-01,active
ACC00000780,CUST000174,BR003,loan,****9937,-311166.87,USD,2024-03-27,active
ACC00000781,CUST000457,BR015,loan,****5840,-162404.98,USD,2023-08-23,active
ACC00000782,CUST000348,BR019,credit,****9313,-9474.42,USD,2018-05-04,dormant
ACC00000783,CUST000308,BR005,credit,****4214,-2196.43,USD,2025-05-26,active
ACC00000784,CUST000439,BR028,checking,****3379,38156.18,EUR,2023-05-23,active
ACC00000785,CUST000392,BR002,savings,****2776,16050.53,USD,2020-07-28,active
ACC00000786,CUST000323,BR040,loan,****5326,-392065.37,USD,2022-07-08,dormant
ACC00000787,CUST000201,BR001,checking,****8609,48154.78,USD,2021-05-20,active
ACC00000788,CUST000185,BR026,credit,****5093,-5891.02,USD,2020-02-12,closed
ACC00000789,CUST000449,BR043,savings,****3161,16673.37,USD,2024-12-16,active
ACC00000790,CUST000415,BR035,checking,****4259,41212.56,USD,2023-01-08,active
ACC00000791,CUST000408,BR048,credit,****4808,-7054.09,USD,2021-01-18,active
ACC00000792,CUST000371,BR046,credit,****7666,-7029.65,USD,2020-06-18,active
ACC00000793,CUST000490,BR030,loan,****6521,-313890.91,USD,2022-12-30,dormant
ACC00000794,CUST000424,BR015,loan,****3799,-402241.63,USD,2019-09-14,dormant
ACC00000795,CUST000249,BR003,savings,****6602,150670.07,GBP,2021-10-31,active
ACC00000796,CUST000466,BR009,credit,****7608,-6397.29,USD,2020-06-17,closed
ACC00000797,CUST000268,BR048,savings,****3143,121346.78,USD,2019-09-03,closed
ACC00000798,CUST000055,BR002,savings,****9155,56158.58,USD,2024-06-17,active
ACC00000799,CUST000013,BR010,savings,****2760,12736.84,USD,2019-09-10,active
ACC00000800,CUST000152,BR019,checking,****9365,1038.37,GBP,2024-04-11,active
